reward_per_step,jain,outage,soc,policy,episode_id,regime
-65.7570,0.0887,22,55.2207,1 Phase1 random (real),300,mixed
-53.5042,0.1344,22,57.7953,1 Phase1 random (real),301,cloudy
-37.6870,0.0543,19,63.3708,1 Phase1 random (real),302,clear
-52.4450,0.0308,12,59.3110,1 Phase1 random (real),303,mixed
-39.5711,0.0526,17,63.3708,1 Phase1 random (real),304,clear
-42.9355,0.0866,20,63.3708,1 Phase1 random (real),305,clear
-41.2590,0.0303,11,62.5629,1 Phase1 random (real),306,mixed
-54.4965,0.0720,15,58.6220,1 Phase1 random (real),307,cloudy
-46.4935,0.0926,24,58.6629,1 Phase1 random (real),308,clear
-57.6396,0.0550,23,59.3277,1 Phase1 random (real),309,mixed
-51.1980,0.0632,17,59.2860,1 Phase1 random (real),310,cloudy
-39.4831,0.0428,18,63.3708,1 Phase1 random (real),311,cloudy
-50.3344,0.0829,13,60.1240,1 Phase1 random (real),312,clear
-48.4301,0.0791,18,59.3110,1 Phase1 random (real),313,clear
-52.9024,0.0343,17,58.6077,1 Phase1 random (real),314,clear
-43.9465,0.0211,23,62.5204,1 Phase1 random (real),315,rain
-53.2573,0.3205,21,59.3083,1 Phase1 random (real),316,clear
-44.0575,0.1585,13,62.5891,1 Phase1 random (real),317,clear
-52.6728,0.0271,21,59.3222,1 Phase1 random (real),318,mixed
-51.0061,0.0680,21,60.3256,1 Phase1 random (real),319,cloudy
-57.5498,0.0402,22,56.1905,1 Phase1 random (real),320,mixed
-40.4451,0.0545,25,63.3708,1 Phase1 random (real),321,mixed
-35.7675,0.0673,16,63.3708,1 Phase1 random (real),322,mixed
-39.7919,0.0721,24,63.3708,1 Phase1 random (real),323,rain
-41.1389,0.0247,19,61.7167,1 Phase1 random (real),324,cloudy
-51.7208,0.0822,22,58.7865,1 Phase1 random (real),325,cloudy
-51.4226,0.1221,21,59.2944,1 Phase1 random (real),326,rain
-66.2644,0.0709,15,55.2624,1 Phase1 random (real),327,cloudy
-38.1294,0.0909,19,62.6544,1 Phase1 random (real),328,rain
-46.3083,0.0554,22,59.3166,1 Phase1 random (real),329,mixed
-38.8570,0.0653,20,62.7427,1 Phase1 random (real),330,cloudy
-49.2864,0.1015,16,59.3110,1 Phase1 random (real),331,cloudy
-65.4453,0.0249,20,55.2513,1 Phase1 random (real),332,mixed
-59.0491,0.0386,19,56.3076,1 Phase1 random (real),333,cloudy
-48.4048,0.0242,21,59.3027,1 Phase1 random (real),334,rain
-54.0846,0.0819,17,58.9008,1 Phase1 random (real),335,rain
-46.4720,0.0931,25,61.9168,1 Phase1 random (real),336,rain
-67.6720,0.0788,28,55.2568,1 Phase1 random (real),337,mixed
-66.5902,0.0853,13,55.2596,1 Phase1 random (real),338,rain
-64.7055,0.0937,23,55.2735,1 Phase1 random (real),339,mixed
-41.2544,0.0242,17,63.3708,1 Phase1 random (real),340,clear
-64.4230,0.0539,18,55.2707,1 Phase1 random (real),341,clear
-50.0022,0.0796,19,59.2833,1 Phase1 random (real),342,cloudy
-61.9442,0.0224,23,56.0993,1 Phase1 random (real),343,clear
-56.6727,0.0457,20,57.6151,1 Phase1 random (real),344,clear
-55.2830,0.0201,21,58.1430,1 Phase1 random (real),345,clear
-49.3105,0.1006,21,59.3305,1 Phase1 random (real),346,clear
-46.7879,0.0611,17,59.3194,1 Phase1 random (real),347,clear
-63.9249,0.1320,21,55.2179,1 Phase1 random (real),348,clear
-53.3032,0.0618,20,59.2944,1 Phase1 random (real),349,clear
-27.6941,0.7058,0,55.7040,2 Phase1 max-SINR (real),300,mixed
-21.4407,0.6898,1,57.4342,2 Phase1 max-SINR (real),301,cloudy
-3.0109,0.7340,1,63.3708,2 Phase1 max-SINR (real),302,clear
-20.0472,0.6652,1,59.5249,2 Phase1 max-SINR (real),303,mixed
-4.1977,0.7096,0,63.3708,2 Phase1 max-SINR (real),304,clear
-5.5375,0.6589,0,63.3708,2 Phase1 max-SINR (real),305,clear
-9.2416,0.7013,1,61.8045,2 Phase1 max-SINR (real),306,mixed
-22.5690,0.6998,3,59.1248,2 Phase1 max-SINR (real),307,cloudy
-18.0737,0.6563,0,57.9518,2 Phase1 max-SINR (real),308,clear
-17.5673,0.6513,2,59.5749,2 Phase1 max-SINR (real),309,mixed
-16.4151,0.7027,0,59.5249,2 Phase1 max-SINR (real),310,cloudy
-5.5146,0.6973,1,63.3708,2 Phase1 max-SINR (real),311,cloudy
-15.8175,0.6829,1,60.4990,2 Phase1 max-SINR (real),312,clear
-14.3083,0.7576,0,59.5749,2 Phase1 max-SINR (real),313,clear
-19.6433,0.6738,2,58.2618,2 Phase1 max-SINR (real),314,clear
-9.6125,0.6730,3,63.1676,2 Phase1 max-SINR (real),315,rain
-17.2964,0.6544,0,59.4999,2 Phase1 max-SINR (real),316,clear
-11.0674,0.6859,4,63.1363,2 Phase1 max-SINR (real),317,clear
-13.5251,0.7169,0,59.5749,2 Phase1 max-SINR (real),318,mixed
-15.3990,0.6478,2,60.0672,2 Phase1 max-SINR (real),319,cloudy
-22.6479,0.7293,0,56.6405,2 Phase1 max-SINR (real),320,mixed
-5.9065,0.6831,1,63.3708,2 Phase1 max-SINR (real),321,mixed
-7.9141,0.6473,1,63.3708,2 Phase1 max-SINR (real),322,mixed
-6.8236,0.7147,1,63.3708,2 Phase1 max-SINR (real),323,rain
-8.5029,0.7200,0,62.1981,2 Phase1 max-SINR (real),324,cloudy
-19.6967,0.6548,1,59.3365,2 Phase1 max-SINR (real),325,cloudy
-18.1211,0.7130,2,59.4999,2 Phase1 max-SINR (real),326,rain
-27.8902,0.7069,0,54.9290,2 Phase1 max-SINR (real),327,cloudy
-3.7265,0.7662,0,63.0600,2 Phase1 max-SINR (real),328,rain
-16.5039,0.6593,2,59.5499,2 Phase1 max-SINR (real),329,mixed
-3.6591,0.7126,0,63.1093,2 Phase1 max-SINR (real),330,cloudy
-19.5191,0.6667,3,58.8249,2 Phase1 max-SINR (real),331,cloudy
-28.0378,0.6948,1,55.0040,2 Phase1 max-SINR (real),332,mixed
-26.3617,0.6739,3,55.9131,2 Phase1 max-SINR (real),333,cloudy
-17.0292,0.6694,0,58.8749,2 Phase1 max-SINR (real),334,rain
-13.3267,0.7225,0,58.7749,2 Phase1 max-SINR (real),335,rain
-10.7810,0.7210,2,62.3390,2 Phase1 max-SINR (real),336,rain
-27.2374,0.7350,0,54.9540,2 Phase1 max-SINR (real),337,mixed
-32.8013,0.6855,1,55.1040,2 Phase1 max-SINR (real),338,rain
-27.6966,0.7220,1,55.1790,2 Phase1 max-SINR (real),339,mixed
-6.7101,0.6699,1,63.3708,2 Phase1 max-SINR (real),340,clear
-28.8569,0.6953,1,55.6540,2 Phase1 max-SINR (real),341,clear
-19.9796,0.6802,3,59.4749,2 Phase1 max-SINR (real),342,cloudy
-24.6878,0.7229,0,55.9937,2 Phase1 max-SINR (real),343,clear
-19.7011,0.6704,0,57.1623,2 Phase1 max-SINR (real),344,clear
-22.5438,0.6510,1,57.6485,2 Phase1 max-SINR (real),345,clear
-16.2223,0.7077,3,58.9749,2 Phase1 max-SINR (real),346,clear
-11.8039,0.7390,0,58.9249,2 Phase1 max-SINR (real),347,clear
-28.8756,0.6783,0,54.9540,2 Phase1 max-SINR (real),348,clear
-14.6943,0.7149,1,59.5749,2 Phase1 max-SINR (real),349,clear
-62.5140,0.0814,23,55.2402,3 PreLSTM random,0,prelstm
-55.3861,0.0870,25,57.6369,3 PreLSTM random,1,prelstm
-38.7217,0.0358,25,63.3708,3 PreLSTM random,2,prelstm
-53.4048,0.0342,23,59.3027,3 PreLSTM random,3,prelstm
-41.0591,0.0781,29,63.3708,3 PreLSTM random,4,prelstm
-40.5281,0.0244,21,63.3708,3 PreLSTM random,5,prelstm
-42.6104,0.0686,24,62.6712,3 PreLSTM random,6,prelstm
-52.2110,0.0693,25,58.5914,3 PreLSTM random,7,prelstm
-45.5942,0.2905,19,58.6518,3 PreLSTM random,8,prelstm
-57.5850,0.0273,17,59.3138,3 PreLSTM random,9,prelstm
-50.5331,0.0762,21,59.3194,3 PreLSTM random,10,prelstm
-39.1752,0.0638,25,63.3708,3 PreLSTM random,11,prelstm
-49.2135,0.0983,17,60.1156,3 PreLSTM random,12,prelstm
-47.6708,0.0993,14,59.2694,3 PreLSTM random,13,prelstm
-50.6549,0.0705,17,58.6688,3 PreLSTM random,14,prelstm
-45.4352,0.1028,22,62.4371,3 PreLSTM random,15,prelstm
-52.9173,0.1097,23,59.2944,3 PreLSTM random,16,prelstm
-39.6395,0.0724,22,62.6586,3 PreLSTM random,17,prelstm
-50.1827,0.1324,20,59.3277,3 PreLSTM random,18,prelstm
-51.2082,0.0276,20,60.4089,3 PreLSTM random,19,prelstm
-60.4973,0.0210,27,56.1266,3 PreLSTM random,20,prelstm
-39.9242,0.1128,22,63.3708,3 PreLSTM random,21,prelstm
-36.9488,0.1013,20,63.3708,3 PreLSTM random,22,prelstm
-40.1745,0.0672,23,63.3708,3 PreLSTM random,23,prelstm
-42.8161,0.0476,16,61.7195,3 PreLSTM random,24,prelstm
-52.3072,0.0230,14,58.8059,3 PreLSTM random,25,prelstm
-50.6926,0.0730,19,59.3166,3 PreLSTM random,26,prelstm
-67.0988,0.0912,20,55.2513,3 PreLSTM random,27,prelstm
-39.4106,0.0720,24,62.6183,3 PreLSTM random,28,prelstm
-47.8956,0.0613,17,59.2555,3 PreLSTM random,29,prelstm
-39.8274,0.1265,17,62.7399,3 PreLSTM random,30,prelstm
-48.7257,0.0516,22,59.3027,3 PreLSTM random,31,prelstm
-63.8501,0.0306,16,55.2652,3 PreLSTM random,32,prelstm
-53.8022,0.0635,19,56.3242,3 PreLSTM random,33,prelstm
-47.6960,0.1210,14,59.2916,3 PreLSTM random,34,prelstm
-49.4169,0.0793,21,58.9147,3 PreLSTM random,35,prelstm
-44.6549,0.0893,24,61.8390,3 PreLSTM random,36,prelstm
-66.8162,0.0929,25,55.2402,3 PreLSTM random,37,prelstm
-64.9147,0.0836,18,55.2179,3 PreLSTM random,38,prelstm
-63.0036,0.1246,21,55.2346,3 PreLSTM random,39,prelstm
-41.1051,0.0389,18,63.3708,3 PreLSTM random,40,prelstm
-63.3839,0.0917,19,55.3013,3 PreLSTM random,41,prelstm
-50.8163,0.1085,22,59.3138,3 PreLSTM random,42,prelstm
-62.6615,0.0276,22,56.0021,3 PreLSTM random,43,prelstm
-55.2380,0.0389,19,57.6595,3 PreLSTM random,44,prelstm
-55.2045,0.0201,18,58.1180,3 PreLSTM random,45,prelstm
-46.9764,0.0858,24,59.3333,3 PreLSTM random,46,prelstm
-48.7612,0.1523,18,59.3027,3 PreLSTM random,47,prelstm
-66.0503,0.0387,25,55.2652,3 PreLSTM random,48,prelstm
-52.1811,0.0711,27,59.2944,3 PreLSTM random,49,prelstm
-27.6941,0.7058,0,55.7040,4 PreLSTM max-SINR,0,prelstm
-21.3440,0.6898,1,57.4342,4 PreLSTM max-SINR,1,prelstm
-3.0109,0.7340,1,63.3708,4 PreLSTM max-SINR,2,prelstm
-20.0370,0.6652,1,59.5249,4 PreLSTM max-SINR,3,prelstm
-4.1977,0.7096,0,63.3708,4 PreLSTM max-SINR,4,prelstm
-5.5375,0.6589,0,63.3708,4 PreLSTM max-SINR,5,prelstm
-9.2416,0.7013,1,61.8045,4 PreLSTM max-SINR,6,prelstm
-22.4685,0.6998,3,59.1248,4 PreLSTM max-SINR,7,prelstm
-18.0737,0.6563,0,57.9518,4 PreLSTM max-SINR,8,prelstm
-17.5965,0.6513,2,59.5749,4 PreLSTM max-SINR,9,prelstm
-16.3981,0.7027,0,59.5249,4 PreLSTM max-SINR,10,prelstm
-5.4961,0.6973,1,63.3708,4 PreLSTM max-SINR,11,prelstm
-15.8175,0.6829,1,60.4990,4 PreLSTM max-SINR,12,prelstm
-14.3083,0.7576,0,59.5749,4 PreLSTM max-SINR,13,prelstm
-19.6710,0.6738,2,58.2618,4 PreLSTM max-SINR,14,prelstm
-9.4835,0.6730,3,63.1676,4 PreLSTM max-SINR,15,prelstm
-17.2964,0.6544,0,59.4999,4 PreLSTM max-SINR,16,prelstm
-11.0674,0.6859,4,63.1363,4 PreLSTM max-SINR,17,prelstm
-13.5251,0.7169,0,59.5749,4 PreLSTM max-SINR,18,prelstm
-15.3990,0.6478,2,60.0672,4 PreLSTM max-SINR,19,prelstm
-22.5882,0.7293,0,56.6405,4 PreLSTM max-SINR,20,prelstm
-5.9065,0.6831,1,63.3708,4 PreLSTM max-SINR,21,prelstm
-7.9141,0.6473,1,63.3708,4 PreLSTM max-SINR,22,prelstm
-6.6548,0.7147,1,63.3708,4 PreLSTM max-SINR,23,prelstm
-8.4167,0.7200,0,62.1981,4 PreLSTM max-SINR,24,prelstm
-19.6650,0.6548,1,59.3365,4 PreLSTM max-SINR,25,prelstm
-17.9048,0.7130,2,59.4999,4 PreLSTM max-SINR,26,prelstm
-27.7189,0.7069,0,54.9290,4 PreLSTM max-SINR,27,prelstm
-3.4085,0.7662,0,63.0600,4 PreLSTM max-SINR,28,prelstm
-16.2922,0.6593,2,59.5499,4 PreLSTM max-SINR,29,prelstm
-3.4551,0.7126,0,63.1093,4 PreLSTM max-SINR,30,prelstm
-19.5505,0.6667,3,58.8249,4 PreLSTM max-SINR,31,prelstm
-28.0378,0.6948,1,55.0040,4 PreLSTM max-SINR,32,prelstm
-26.2804,0.6739,3,55.9131,4 PreLSTM max-SINR,33,prelstm
-16.8287,0.6694,0,58.8749,4 PreLSTM max-SINR,34,prelstm
-12.7070,0.7225,0,58.7749,4 PreLSTM max-SINR,35,prelstm
-10.4221,0.7210,2,62.3390,4 PreLSTM max-SINR,36,prelstm
-27.2202,0.7350,0,54.9540,4 PreLSTM max-SINR,37,prelstm
-32.5744,0.6855,1,55.1040,4 PreLSTM max-SINR,38,prelstm
-27.6966,0.7220,1,55.1790,4 PreLSTM max-SINR,39,prelstm
-6.7101,0.6699,1,63.3708,4 PreLSTM max-SINR,40,prelstm
-28.8864,0.6953,1,55.6540,4 PreLSTM max-SINR,41,prelstm
-19.9796,0.6802,3,59.4749,4 PreLSTM max-SINR,42,prelstm
-24.6878,0.7229,0,55.9937,4 PreLSTM max-SINR,43,prelstm
-19.7011,0.6704,0,57.1623,4 PreLSTM max-SINR,44,prelstm
-22.5730,0.6510,1,57.6485,4 PreLSTM max-SINR,45,prelstm
-16.2223,0.7077,3,58.9749,4 PreLSTM max-SINR,46,prelstm
-11.8039,0.7390,0,58.9249,4 PreLSTM max-SINR,47,prelstm
-28.8756,0.6783,0,54.9540,4 PreLSTM max-SINR,48,prelstm
-14.7257,0.7149,1,59.5749,4 PreLSTM max-SINR,49,prelstm
-9.9979,0.2237,0,55.8318,5 DQN with LSTM (real),300,mixed
-4.2762,0.1928,0,57.4592,5 DQN with LSTM (real),301,cloudy
2.7771,0.2297,0,63.3708,5 DQN with LSTM (real),302,clear
0.3129,0.2136,0,59.5722,5 DQN with LSTM (real),303,mixed
2.8859,0.2765,0,63.3708,5 DQN with LSTM (real),304,clear
2.4027,0.2017,0,63.3708,5 DQN with LSTM (real),305,clear
-1.5753,0.1562,0,61.9267,5 DQN with LSTM (real),306,mixed
-2.2087,0.1884,0,59.1164,5 DQN with LSTM (real),307,cloudy
-10.0090,0.2276,0,57.8824,5 DQN with LSTM (real),308,clear
0.2451,0.2106,0,59.5916,5 DQN with LSTM (real),309,mixed
-9.9323,0.2267,0,59.5027,5 DQN with LSTM (real),310,cloudy
2.4801,0.1659,0,63.3708,5 DQN with LSTM (real),311,cloudy
-5.6025,0.3105,0,60.5851,5 DQN with LSTM (real),312,clear
-7.7778,0.2520,0,59.5444,5 DQN with LSTM (real),313,clear
-12.2318,0.0790,0,57.9896,5 DQN with LSTM (real),314,clear
2.2734,0.2855,0,63.0482,5 DQN with LSTM (real),315,rain
-10.3038,0.1679,0,59.4944,5 DQN with LSTM (real),316,clear
2.6939,0.2806,0,63.1836,5 DQN with LSTM (real),317,clear
-7.9444,0.2311,0,59.5916,5 DQN with LSTM (real),318,mixed
-5.9904,0.0427,0,59.7811,5 DQN with LSTM (real),319,cloudy
-12.1024,0.2764,0,56.7350,5 DQN with LSTM (real),320,mixed
2.5870,0.2439,0,63.3708,5 DQN with LSTM (real),321,mixed
2.6868,0.2802,0,63.3708,5 DQN with LSTM (real),322,mixed
2.0451,0.1873,0,63.3708,5 DQN with LSTM (real),323,rain
-1.6538,0.3204,0,62.1036,5 DQN with LSTM (real),324,cloudy
-10.0648,0.2784,0,59.5027,5 DQN with LSTM (real),325,cloudy
-4.4318,0.2209,0,59.5416,5 DQN with LSTM (real),326,rain
-10.4846,0.3128,0,54.9346,5 DQN with LSTM (real),327,cloudy
1.6562,0.3099,0,63.0378,5 DQN with LSTM (real),328,rain
-0.3047,0.2402,0,59.5888,5 DQN with LSTM (real),329,mixed
2.0211,0.2954,0,63.2177,5 DQN with LSTM (real),330,cloudy
-7.8302,0.2743,0,58.8944,5 DQN with LSTM (real),331,cloudy
-12.1756,0.2215,0,55.0068,5 DQN with LSTM (real),332,mixed
-16.5047,0.2406,0,55.7548,5 DQN with LSTM (real),333,cloudy
-10.5754,0.2717,0,58.8472,5 DQN with LSTM (real),334,rain
-9.9053,0.2582,0,58.7805,5 DQN with LSTM (real),335,rain
-2.7059,0.2547,0,62.2001,5 DQN with LSTM (real),336,rain
-16.5061,0.1883,0,55.0124,5 DQN with LSTM (real),337,mixed
-19.3004,0.1844,0,55.0874,5 DQN with LSTM (real),338,rain
-22.5721,0.2064,0,55.0763,5 DQN with LSTM (real),339,mixed
2.5637,0.2439,0,63.3708,5 DQN with LSTM (real),340,clear
-8.0707,0.2142,0,55.7263,5 DQN with LSTM (real),341,clear
2.2432,0.2024,0,59.5749,5 DQN with LSTM (real),342,cloudy
-18.2765,0.2342,0,55.9632,5 DQN with LSTM (real),343,clear
-12.1899,0.2162,0,56.8679,5 DQN with LSTM (real),344,clear
-1.8117,0.2107,0,57.4819,5 DQN with LSTM (real),345,clear
-5.7839,0.2657,0,59.0222,5 DQN with LSTM (real),346,clear
-5.6949,0.2387,0,58.9472,5 DQN with LSTM (real),347,clear
-10.2518,0.2098,0,54.9568,5 DQN with LSTM (real),348,clear
-8.0250,0.1244,0,59.5110,5 DQN with LSTM (real),349,clear
