method,regime,reward_per_step,jain,outage,soc
dqn,all,1.0527,0.9832,0.0000,59.4271
max_sinr,all,-16.4789,0.8623,1.0200,59.4609
random,all,-42.2717,0.5467,17.9800,59.4315
dqn,clear,1.3435,0.9832,0.0000,59.4218
dqn,cloudy,1.0849,0.9833,0.0000,59.4277
dqn,mixed,1.4612,0.9829,0.0000,58.7076
dqn,rain,-0.2625,0.9834,0.0000,60.5176
max_sinr,clear,-15.7249,0.8629,0.8333,59.5164
max_sinr,cloudy,-17.1868,0.8579,1.4167,59.4423
max_sinr,mixed,-18.6488,0.8642,0.8333,58.6877
max_sinr,rain,-13.8590,0.8647,1.1250,60.5239
random,clear,-41.2658,0.5627,16.7778,59.5644
random,cloudy,-42.3125,0.5445,18.6667,59.3811
random,mixed,-44.9974,0.5485,17.5833,58.6370
random,rain,-40.3851,0.5116,20.2500,60.3995
