episode,eval_reward,jain,outage,soc
10,-1.4597,0.0560,0.0000,59.4303
20,-5.6982,0.0603,0.0000,59.4679
30,-5.7307,0.0588,0.0000,59.4609
40,-8.0005,0.0660,0.0000,59.4896
50,-7.6394,0.0624,0.0000,59.4644
60,-8.2282,0.0607,0.0000,59.4446
70,-8.1156,0.0926,0.0000,59.4855
80,-8.1673,0.1078,0.0000,59.4610
90,-8.1658,0.1514,0.0000,59.4626
100,-8.0581,0.1363,0.0000,59.4555
110,-8.0544,0.1514,0.0000,59.4254
120,-8.2650,0.1050,0.0000,59.4866
130,-8.1348,0.1319,0.0000,59.4345
140,-8.2982,0.1932,0.0000,59.4160
150,-5.8326,0.2034,0.0000,59.4084
160,-5.7628,0.1883,0.0000,59.4034
170,-5.1707,0.1983,0.0000,59.4464
180,-5.6202,0.1946,0.0000,59.4379
190,-5.6325,0.1690,0.0000,59.4028
200,-5.7821,0.1570,0.0000,59.4369
210,-6.0423,0.0649,0.0000,59.3741
220,-5.9385,0.0679,0.0000,59.4709
230,-5.0800,0.0664,0.0000,59.4859
240,-4.6709,0.0664,0.0000,59.4713
250,-6.6963,0.0660,0.0000,59.4006
260,-7.4134,0.0636,0.0000,59.3804
270,-5.6727,0.0655,0.0000,59.4248
280,-3.0673,0.0653,0.0000,59.4572
290,-4.2436,0.0655,0.0000,59.4594
300,-8.0988,0.0659,0.0000,59.4598
310,-7.6889,0.0658,0.0000,59.4098
320,-6.1118,0.0657,0.0000,59.4271
330,-5.5938,0.0659,0.0000,59.4516
340,-8.1255,0.0661,0.0000,59.4693
350,-8.0856,0.0660,0.0000,59.4793
360,-8.0542,0.0660,0.0000,59.4719
370,-7.5398,0.0663,0.0000,59.4530
380,-7.8643,0.0663,0.0000,59.4581
390,-8.1184,0.0661,0.0000,59.4628
400,-8.1712,0.0660,0.0000,59.4660
