variant,seed,reward_per_step,jain,outage,soc
lstm,0,0.0611,0.9653,0.0000,59.7457
lstm,1,1.1018,0.9832,0.0000,59.0795
lstm,2,1.4185,0.9747,0.0000,60.2858
lstm,3,1.9453,0.9810,0.0000,60.4554
lstm,4,1.1837,0.9591,0.0000,59.8982
none,0,0.5862,0.9199,0.0200,59.7467
none,1,-1.0445,0.9623,0.0000,59.0092
none,2,-0.2645,0.9853,0.0000,60.3053
none,3,1.8056,0.9520,0.0000,60.4610
none,4,2.1097,0.9840,0.0000,59.9493
oracle,0,-0.2318,0.9849,0.0000,59.7995
oracle,1,1.0359,0.9832,0.0000,59.0815
oracle,2,1.6453,0.9823,0.0000,60.2891
oracle,3,1.5700,0.9847,0.0000,60.4649
oracle,4,1.1522,0.9641,0.0000,59.9017
