eval_set,base_policy,seed,reward_per_step,jain,outage,soc
prelstm,max-SINR,0,-14.2793,0.6978,0.6600,59.8173
prelstm,max-SINR,1,-17.6872,0.6980,1.2000,59.0663
prelstm,max-SINR,2,-12.7485,0.6976,0.8000,60.4085
prelstm,max-SINR,3,-12.6204,0.6977,0.7600,60.4233
prelstm,max-SINR,4,-14.8918,0.6908,0.9400,59.9365
prelstm,random,0,-49.3642,0.0693,20.6600,59.8420
prelstm,random,1,-51.6859,0.0837,19.7800,59.0351
prelstm,random,2,-47.2609,0.0816,19.8600,60.4952
prelstm,random,3,-47.7740,0.0905,20.2200,60.4046
prelstm,random,4,-49.3612,0.0765,20.3000,59.8450
real,max-SINR,0,-14.2989,0.6978,0.6600,59.8173
real,max-SINR,1,-17.7051,0.6980,1.2000,59.0663
real,max-SINR,2,-12.7653,0.6976,0.8000,60.4085
real,max-SINR,3,-12.6391,0.6977,0.7600,60.4233
real,max-SINR,4,-14.9087,0.6908,0.9400,59.9365
real,random,0,-49.3905,0.0693,20.6600,59.8420
real,random,1,-51.7111,0.0837,19.7800,59.0351
real,random,2,-47.2828,0.0816,19.8600,60.4952
real,random,3,-47.8002,0.0905,20.2200,60.4046
real,random,4,-49.3834,0.0765,20.3000,59.8450
