policy,seed,reward_per_step,jain,outage,soc
DQN with LSTM,0,-5.1395,0.1463,0.0000,59.8250
DQN with LSTM,1,-6.6398,0.1259,0.0000,59.0888
DQN with LSTM,2,-3.6707,0.0748,0.0000,60.5157
DQN with LSTM,3,-5.0160,0.0836,0.0000,60.4400
DQN with LSTM,4,-5.0577,0.0615,0.0000,59.8897
max-SINR,0,-14.2989,0.6978,0.6600,59.8173
max-SINR,1,-17.7051,0.6980,1.2000,59.0663
max-SINR,2,-12.7653,0.6976,0.8000,60.4085
max-SINR,3,-12.6391,0.6977,0.7600,60.4233
max-SINR,4,-14.9087,0.6908,0.9400,59.9365
random,0,-49.3905,0.0693,20.6600,59.8420
random,1,-51.7111,0.0837,19.7800,59.0351
random,2,-47.2828,0.0816,19.8600,60.4952
random,3,-47.8002,0.0905,20.2200,60.4046
random,4,-49.3834,0.0765,20.3000,59.8450
