policy,metric,n_seeds,mean,std,median,min,max,ci95_low,ci95_high
DQN with LSTM,reward_per_step,5,-5.1755,1.6205,-5.0237,-7.5094,-3.5751,-7.1876,-3.1634
DQN with LSTM,jain,5,0.1100,0.0541,0.0826,0.0700,0.2008,0.0428,0.1771
DQN with LSTM,outage,5,0.0000,0.0000,0.0000,0.0000,0.0000,0.0000,0.0000
DQN with LSTM,soc,5,59.9294,0.5636,59.9357,59.0575,60.4622,59.2296,60.6293
max-SINR,reward_per_step,5,-14.5075,2.0581,-14.3437,-17.7485,-12.6831,-17.0630,-11.9520
max-SINR,jain,5,0.6964,0.0031,0.6977,0.6908,0.6980,0.6925,0.7002
max-SINR,outage,5,0.8720,0.2091,0.8000,0.6600,1.2000,0.6124,1.1316
max-SINR,soc,5,59.9304,0.5548,59.9365,59.0663,60.4233,59.2416,60.6192
random,reward_per_step,5,-49.2519,1.6519,-49.2893,-51.7871,-47.5630,-51.3030,-47.2008
random,jain,5,0.0755,0.0085,0.0746,0.0652,0.0880,0.0650,0.0860
random,outage,5,20.0600,0.7027,19.8200,19.5600,21.3000,19.1875,20.9325
random,soc,5,59.9228,0.5850,59.8527,59.0280,60.4902,59.1965,60.6491
