episode_id,split,start_utc,regime,max_precip_mmh,mean_cloud_pct,mean_vis_km,rain_hours,mean_rain_att_db,max_rain_att_db,mean_scint_att_db
0,train,2024-01-01 23:00:00,mixed,0.0000,58.9550,1.1547,0,0.0000,0.0000,1.2223
1,train,2024-01-02 21:00:00,cloudy,0.0000,78.7850,0.9086,0,0.0000,0.0000,1.1680
2,train,2024-01-03 09:00:00,cloudy,0.0000,79.2429,0.8798,0,0.0000,0.0000,1.2035
3,train,2024-01-03 22:00:00,cloudy,0.0000,99.9042,0.6612,0,0.0000,0.0000,1.3204
4,train,2024-01-04 15:00:00,cloudy,0.0000,99.9671,0.7524,0,0.0000,0.0000,1.3683
5,train,2024-01-06 06:00:00,cloudy,0.0000,75.6213,1.3586,0,0.0000,0.0000,1.3797
6,train,2024-01-06 18:00:00,mixed,0.0000,68.0267,1.6120,0,0.0000,0.0000,1.4003
7,train,2024-01-06 19:00:00,mixed,0.0000,68.0725,1.6408,0,0.0000,0.0000,1.3988
8,train,2024-01-06 20:00:00,mixed,0.0000,68.1421,1.6744,0,0.0000,0.0000,1.3958
9,train,2024-01-08 18:00:00,cloudy,0.2400,98.6538,0.8939,0,0.3057,3.7262,1.3443
10,train,2024-01-10 07:00:00,mixed,0.0000,48.0104,0.9073,0,0.0000,0.0000,1.1819
11,train,2024-01-10 22:00:00,mixed,0.0000,37.0525,1.0575,0,0.0000,0.0000,1.1575
12,train,2024-01-11 04:00:00,mixed,0.0000,32.8500,0.9824,0,0.0000,0.0000,1.1458
13,train,2024-01-12 18:00:00,cloudy,0.0000,75.8408,0.6592,0,0.0000,0.0000,1.1227
14,train,2024-01-14 02:00:00,mixed,0.0000,57.6917,0.6015,0,0.0000,0.0000,1.1142
15,train,2024-01-14 09:00:00,mixed,0.0000,49.8075,0.8348,0,0.0000,0.0000,1.1110
16,train,2024-01-15 07:00:00,mixed,0.0000,61.2104,1.4216,0,0.0000,0.0000,1.1051
17,train,2024-01-15 12:00:00,cloudy,0.0000,75.1533,1.1594,0,0.0000,0.0000,1.1098
18,train,2024-01-16 01:00:00,cloudy,0.0000,90.2504,0.6196,0,0.0000,0.0000,1.1117
19,train,2024-01-16 13:00:00,cloudy,0.0000,73.4921,0.7873,0,0.0000,0.0000,1.1020
20,train,2024-01-18 03:00:00,cloudy,0.0000,77.7054,0.8550,0,0.0000,0.0000,1.1773
21,train,2024-01-18 05:00:00,cloudy,0.0000,77.8146,0.8630,0,0.0000,0.0000,1.1820
22,train,2024-01-18 07:00:00,cloudy,0.0000,78.3233,0.8335,0,0.0000,0.0000,1.1837
23,train,2024-01-18 17:00:00,cloudy,0.0000,97.3683,0.6632,0,0.0000,0.0000,1.1840
24,train,2024-01-19 10:00:00,cloudy,0.0000,89.9837,1.2734,0,0.0000,0.0000,1.2109
25,train,2024-01-21 16:00:00,cloudy,0.0000,73.9304,1.2084,0,0.0000,0.0000,1.0454
26,train,2024-01-22 13:00:00,cloudy,0.0000,75.0450,0.7551,0,0.0000,0.0000,1.0589
27,train,2024-01-22 23:00:00,cloudy,0.0000,88.7954,0.8845,0,0.0000,0.0000,1.1124
28,train,2024-01-24 05:00:00,mixed,0.0000,58.9992,0.6773,0,0.0000,0.0000,1.1515
29,train,2024-01-24 17:00:00,cloudy,0.0000,71.6992,0.7859,0,0.0000,0.0000,1.1430
30,train,2024-01-24 22:00:00,cloudy,0.0000,73.9021,0.8650,0,0.0000,0.0000,1.1431
31,train,2024-01-26 16:00:00,clear,0.0000,23.2208,1.5966,0,0.0000,0.0000,1.1072
32,train,2024-01-27 06:00:00,mixed,0.0000,47.5787,2.2658,0,0.0000,0.0000,1.1571
33,train,2024-01-28 15:00:00,mixed,0.0000,60.3696,1.0099,0,0.0000,0.0000,1.2174
34,train,2024-01-29 00:00:00,mixed,0.0000,42.9692,1.0146,0,0.0000,0.0000,1.2132
35,train,2024-01-29 04:00:00,mixed,0.0000,43.1200,0.9395,0,0.0000,0.0000,1.2159
36,train,2024-01-29 10:00:00,mixed,0.0000,57.2525,0.6914,0,0.0000,0.0000,1.2258
37,train,2024-01-30 09:00:00,cloudy,0.0100,81.7475,0.3916,0,0.0099,0.2384,1.2493
38,train,2024-01-30 14:00:00,cloudy,0.1900,90.8746,0.3212,0,0.2067,3.0463,1.2705
39,train,2024-01-30 15:00:00,cloudy,0.4200,93.1029,0.3340,0,0.4581,6.0338,1.2808
40,train,2024-02-01 06:00:00,rain,1.1400,44.1658,1.3210,1,1.2275,13.5609,1.5502
41,train,2024-02-02 03:00:00,clear,0.0000,19.2154,0.7007,0,0.0000,0.0000,1.1652
42,train,2024-02-02 11:00:00,mixed,0.0200,38.4017,1.3049,0,0.0280,0.4347,1.1096
43,train,2024-02-02 16:00:00,mixed,0.0200,56.1100,1.6637,0,0.0280,0.4347,1.1424
44,train,2024-02-06 22:00:00,mixed,0.0000,31.7479,2.7667,0,0.0000,0.0000,1.1208
45,train,2024-02-07 09:00:00,clear,0.0000,28.4758,2.4093,0,0.0000,0.0000,1.1352
46,train,2024-02-08 04:00:00,clear,0.0000,27.1121,3.1517,0,0.0000,0.0000,1.0207
47,train,2024-02-09 15:00:00,clear,0.0000,7.4733,2.0741,0,0.0000,0.0000,1.0734
48,train,2024-02-10 22:00:00,clear,0.0000,3.1938,1.4632,0,0.0000,0.0000,1.1980
49,train,2024-02-12 12:00:00,cloudy,0.0000,86.5517,1.1326,0,0.0000,0.0000,1.1432
50,train,2024-02-13 13:00:00,mixed,0.0000,48.6892,1.2613,0,0.0000,0.0000,1.2125
51,train,2024-02-14 18:00:00,clear,0.0000,1.7358,2.0519,0,0.0000,0.0000,1.2781
52,train,2024-02-15 01:00:00,clear,0.0000,1.2413,2.0680,0,0.0000,0.0000,1.2432
53,train,2024-02-15 21:00:00,clear,0.0000,0.8496,2.0439,0,0.0000,0.0000,1.1573
54,train,2024-02-17 03:00:00,clear,0.0000,21.5288,2.7124,0,0.0000,0.0000,1.1084
55,train,2024-02-17 11:00:00,mixed,0.0000,45.1150,3.0021,0,0.0000,0.0000,1.1169
56,train,2024-02-19 21:00:00,mixed,0.8300,48.1262,2.1284,0,0.7915,10.8321,1.6487
57,train,2024-02-20 15:00:00,clear,0.0000,20.8875,2.2759,0,0.0000,0.0000,1.2144
58,train,2024-02-21 09:00:00,mixed,0.0000,38.9625,3.0839,0,0.0000,0.0000,1.1209
59,train,2024-02-22 11:00:00,clear,0.0000,1.9717,3.6029,0,0.0000,0.0000,1.1350
60,train,2024-02-23 01:00:00,clear,0.0000,11.9633,3.4165,0,0.0000,0.0000,1.1322
61,train,2024-02-23 02:00:00,clear,0.0000,14.4121,3.4045,0,0.0000,0.0000,1.1294
62,train,2024-02-23 04:00:00,clear,0.0000,16.9300,3.3877,0,0.0000,0.0000,1.1246
63,train,2024-02-23 11:00:00,clear,0.0000,29.7333,3.2201,0,0.0000,0.0000,1.1107
64,train,2024-02-29 15:00:00,mixed,0.1400,68.2042,2.9733,0,0.1948,2.3405,1.2916
65,train,2024-03-01 19:00:00,rain,2.0000,65.5063,3.0048,2,2.6766,19.7343,1.7294
66,train,2024-03-02 03:00:00,rain,2.0000,55.2687,2.9652,2,3.5314,19.7343,1.8603
67,train,2024-03-02 11:00:00,mixed,0.8500,54.9700,3.0651,0,3.7262,11.0556,1.8724
68,train,2024-03-06 13:00:00,clear,0.0000,29.7087,3.1315,0,0.0000,0.0000,1.1387
69,train,2024-03-06 17:00:00,clear,0.0000,16.8983,3.2174,0,0.0000,0.0000,1.1633
70,train,2024-03-07 08:00:00,clear,0.0000,8.3579,3.4219,0,0.0000,0.0000,1.2196
71,train,2024-03-10 10:00:00,mixed,0.0000,55.7525,3.3910,0,0.0000,0.0000,1.2147
72,train,2024-03-11 05:00:00,clear,0.0000,7.2554,3.2784,0,0.0000,0.0000,1.2660
73,train,2024-03-11 15:00:00,clear,0.0000,6.6896,3.3206,0,0.0000,0.0000,1.3279
74,train,2024-03-11 18:00:00,clear,0.0000,6.6117,3.3206,0,0.0000,0.0000,1.3380
75,train,2024-03-16 06:00:00,mixed,0.0000,51.7512,3.4454,0,0.0000,0.0000,1.0756
76,train,2024-03-19 12:00:00,clear,0.0000,5.5958,3.2878,0,0.0000,0.0000,1.1471
77,train,2024-03-21 01:00:00,clear,0.0000,29.4075,3.1791,0,0.0000,0.0000,1.2203
78,train,2024-03-22 03:00:00,clear,0.0000,7.7529,3.3408,0,0.0000,0.0000,1.3339
79,train,2024-03-22 12:00:00,clear,0.0000,6.5888,3.4910,0,0.0000,0.0000,1.2737
80,train,2024-03-22 20:00:00,clear,0.0000,10.5742,3.8168,0,0.0000,0.0000,1.2121
81,train,2024-03-22 22:00:00,clear,0.0000,13.9900,3.8376,0,0.0000,0.0000,1.1938
82,train,2024-03-23 23:00:00,cloudy,0.0000,72.5571,3.1128,0,0.0000,0.0000,1.2670
83,train,2024-03-24 09:00:00,mixed,0.0000,32.1633,2.8801,0,0.0000,0.0000,1.2843
84,train,2024-03-25 11:00:00,mixed,0.0000,43.1183,3.9651,0,0.0000,0.0000,1.2937
85,train,2024-03-27 18:00:00,cloudy,0.0000,81.6117,3.6901,0,0.0000,0.0000,1.5475
86,train,2024-03-30 14:00:00,clear,0.0000,15.0233,3.1617,0,0.0000,0.0000,1.3023
87,train,2024-03-30 21:00:00,clear,0.0000,15.3675,3.5392,0,0.0000,0.0000,1.2541
88,train,2024-03-31 04:00:00,clear,0.0000,16.0713,3.6304,0,0.0000,0.0000,1.3005
89,train,2024-04-02 21:00:00,cloudy,0.0000,82.0233,3.5929,0,0.0000,0.0000,1.2296
90,train,2024-04-02 23:00:00,cloudy,0.0000,81.9258,3.5929,0,0.0000,0.0000,1.2352
91,train,2024-04-03 11:00:00,mixed,0.0000,58.4217,4.1119,0,0.0000,0.0000,1.2315
92,train,2024-04-04 01:00:00,mixed,0.0000,64.4142,4.4338,0,0.0000,0.0000,1.1637
93,train,2024-04-05 01:00:00,mixed,0.0000,61.2496,4.0012,0,0.0000,0.0000,1.2250
94,train,2024-04-05 23:00:00,clear,0.0000,12.2608,4.0737,0,0.0000,0.0000,1.0974
95,train,2024-04-06 21:00:00,clear,0.0000,0.0746,4.0301,0,0.0000,0.0000,1.0195
96,train,2024-04-07 18:00:00,clear,0.0000,2.1338,4.2413,0,0.0000,0.0000,1.0678
97,train,2024-04-07 20:00:00,clear,0.0000,2.1913,4.3050,0,0.0000,0.0000,1.0671
98,train,2024-04-08 09:00:00,mixed,0.0000,30.1396,4.5927,0,0.0000,0.0000,1.0488
99,train,2024-04-08 18:00:00,mixed,0.0000,33.7421,3.9067,0,0.0000,0.0000,1.0285
100,train,2024-04-08 23:00:00,mixed,0.0000,33.2579,3.7974,0,0.0000,0.0000,1.0324
101,train,2024-04-09 10:00:00,clear,0.0000,6.0392,3.8309,0,0.0000,0.0000,1.0436
102,train,2024-04-10 05:00:00,clear,0.0000,20.4400,3.5433,0,0.0000,0.0000,1.2868
103,train,2024-04-13 14:00:00,cloudy,0.1300,95.4650,2.7393,0,0.3945,2.1954,1.6046
104,train,2024-04-13 18:00:00,cloudy,0.1300,95.9542,2.8439,0,0.4580,2.1954,1.6285
105,train,2024-04-14 21:00:00,cloudy,0.1100,93.0663,2.5039,0,0.1528,1.9004,1.7976
106,train,2024-04-15 16:00:00,mixed,0.0000,58.1067,3.7786,0,0.0000,0.0000,1.7091
107,train,2024-04-17 07:00:00,mixed,0.0000,43.3613,3.8785,0,0.0000,0.0000,1.2842
108,train,2024-04-19 00:00:00,clear,0.0000,24.0358,3.6868,0,0.0000,0.0000,1.4079
109,train,2024-04-21 00:00:00,mixed,0.0000,39.8700,4.3097,0,0.0000,0.0000,1.4601
110,train,2024-04-21 15:00:00,clear,0.0000,29.6829,4.6343,0,0.0000,0.0000,1.5098
111,train,2024-04-21 18:00:00,mixed,0.0000,30.9650,4.6343,0,0.0000,0.0000,1.4798
112,train,2024-04-21 21:00:00,mixed,0.0000,31.3600,4.6557,0,0.0000,0.0000,1.4444
113,train,2024-04-23 06:00:00,clear,0.2700,23.5883,3.0095,0,0.5156,4.1244,1.2887
114,train,2024-04-23 17:00:00,clear,0.2700,2.3325,3.8678,0,0.5156,4.1244,1.3142
115,train,2024-04-24 15:00:00,clear,0.0000,7.6654,4.3211,0,0.0000,0.0000,1.2775
116,train,2024-04-25 14:00:00,clear,0.0000,24.7267,3.3542,0,0.0000,0.0000,1.2890
117,train,2024-04-26 15:00:00,mixed,0.1800,67.9158,3.2871,0,0.3400,2.9074,1.3521
118,train,2024-04-28 15:00:00,mixed,0.0000,52.7612,3.3910,0,0.0000,0.0000,1.3740
119,train,2024-04-28 23:00:00,mixed,0.0000,38.5358,3.4420,0,0.0000,0.0000,1.4501
120,train,2024-05-03 10:00:00,cloudy,0.0000,80.1162,2.8720,0,0.0000,0.0000,1.1642
121,train,2024-05-04 01:00:00,mixed,0.0000,30.7921,3.1268,0,0.0000,0.0000,1.2213
122,train,2024-05-04 21:00:00,clear,0.0000,1.5046,3.3079,0,0.0000,0.0000,1.3883
123,train,2024-05-05 20:00:00,clear,0.0000,11.1683,3.1905,0,0.0000,0.0000,1.4148
124,train,2024-05-08 10:00:00,clear,0.0100,5.3996,3.5084,0,0.0298,0.2384,1.5464
125,train,2024-05-09 07:00:00,clear,0.0100,8.3621,3.5956,0,0.0397,0.2384,1.6166
126,train,2024-05-10 23:00:00,mixed,0.2800,31.3096,3.2811,0,0.2607,4.2557,1.6417
127,train,2024-05-11 19:00:00,mixed,0.0100,62.0592,3.6324,0,0.0298,0.2384,1.5618
128,train,2024-05-11 22:00:00,mixed,0.0100,68.8987,3.6653,0,0.0298,0.2384,1.5568
129,train,2024-05-12 23:00:00,mixed,0.0000,63.1958,3.5446,0,0.0000,0.0000,1.3430
130,train,2024-05-13 00:00:00,mixed,0.0000,61.9504,3.5359,0,0.0000,0.0000,1.3278
131,train,2024-05-13 03:00:00,mixed,0.0000,60.4671,3.4863,0,0.0000,0.0000,1.2877
132,train,2024-05-14 12:00:00,clear,0.0000,21.7592,3.5480,0,0.0000,0.0000,1.1378
133,train,2024-05-16 13:00:00,clear,0.0000,15.7004,3.6566,0,0.0000,0.0000,1.2739
134,train,2024-05-16 22:00:00,clear,0.0000,18.4733,3.7210,0,0.0000,0.0000,1.2635
135,train,2024-05-17 17:00:00,clear,0.0000,17.9321,3.5459,0,0.0000,0.0000,1.3124
136,train,2024-05-17 18:00:00,clear,0.0000,17.5408,3.5674,0,0.0000,0.0000,1.3130
137,train,2024-05-17 22:00:00,clear,0.0000,17.1196,3.5976,0,0.0000,0.0000,1.3193
138,train,2024-05-21 04:00:00,clear,0.0000,28.3412,3.4138,0,0.0000,0.0000,1.3403
139,train,2024-05-21 08:00:00,mixed,0.0000,30.3800,3.4849,0,0.0000,0.0000,1.3550
140,train,2024-05-23 00:00:00,clear,0.0000,25.6771,3.8236,0,0.0000,0.0000,1.9104
141,train,2024-05-23 23:00:00,clear,0.0000,24.4471,4.0858,0,0.0000,0.0000,1.8943
142,train,2024-05-24 18:00:00,clear,0.0000,12.7792,4.1488,0,0.0000,0.0000,1.6631
143,train,2024-05-25 06:00:00,clear,0.0000,23.3992,3.8363,0,0.0000,0.0000,1.4223
144,train,2024-05-26 13:00:00,clear,0.0000,14.6233,3.8048,0,0.0000,0.0000,1.4176
145,train,2024-05-27 10:00:00,clear,0.0000,1.3254,3.8202,0,0.0000,0.0000,1.1353
146,train,2024-05-27 12:00:00,clear,0.0000,1.3708,3.8202,0,0.0000,0.0000,1.1283
147,train,2024-05-27 23:00:00,clear,0.0000,1.4396,3.9168,0,0.0000,0.0000,1.1074
148,train,2024-05-28 13:00:00,clear,0.0000,18.7992,3.9040,0,0.0000,0.0000,1.1353
149,train,2024-05-28 15:00:00,clear,0.0000,26.1850,3.7491,0,0.0000,0.0000,1.1478
150,train,2024-05-29 07:00:00,mixed,0.0000,51.3100,3.4648,0,0.0000,0.0000,1.3678
151,train,2024-05-29 21:00:00,clear,0.0000,21.7404,3.9282,0,0.0000,0.0000,1.2314
152,train,2024-05-30 20:00:00,mixed,0.0000,34.9988,4.0107,0,0.0000,0.0000,1.1173
153,train,2024-06-01 07:00:00,cloudy,0.0100,78.3538,3.4232,0,0.0099,0.2384,1.5132
154,train,2024-06-03 07:00:00,rain,1.0600,67.1038,3.9376,1,1.1139,12.9036,1.4994
155,train,2024-06-04 13:00:00,cloudy,0.0000,86.5242,3.9758,0,0.0000,0.0000,1.5692
156,train,2024-06-05 00:00:00,cloudy,0.4000,84.6708,3.8068,0,0.8297,5.7857,1.6442
157,train,2024-06-05 02:00:00,cloudy,0.4000,84.7025,3.7860,0,0.8297,5.7857,1.6492
158,train,2024-06-07 05:00:00,mixed,0.0000,66.3883,3.8786,0,0.0000,0.0000,1.7411
159,train,2024-06-08 01:00:00,mixed,0.0000,52.6387,3.9865,0,0.0000,0.0000,1.7372
160,train,2024-06-10 14:00:00,cloudy,0.0000,70.6800,4.1059,0,0.0000,0.0000,1.3715
161,train,2024-06-11 18:00:00,mixed,0.0000,58.7912,4.6906,0,0.0000,0.0000,1.3271
162,train,2024-06-12 02:00:00,mixed,0.0000,59.4829,4.6470,0,0.0000,0.0000,1.3952
163,train,2024-06-12 08:00:00,mixed,0.0000,53.9617,4.5645,0,0.0000,0.0000,1.4872
164,train,2024-06-12 12:00:00,mixed,0.0000,55.6358,4.5645,0,0.0000,0.0000,1.5205
165,train,2024-06-17 03:00:00,mixed,0.0000,56.0596,4.2970,0,0.0000,0.0000,1.9353
166,train,2024-06-17 09:00:00,mixed,0.0000,56.9087,4.2762,0,0.0000,0.0000,1.9347
167,train,2024-06-19 18:00:00,rain,1.6400,75.8721,3.8611,1,1.6097,17.3170,1.9309
168,train,2024-06-20 06:00:00,cloudy,0.3000,74.0812,4.2319,0,0.5631,4.5163,1.9905
169,train,2024-06-21 10:00:00,cloudy,0.0000,83.6117,2.5005,0,0.0000,0.0000,1.8542
170,train,2024-06-24 17:00:00,cloudy,0.0000,78.4217,2.9773,0,0.0000,0.0000,2.5904
171,train,2024-06-25 17:00:00,cloudy,0.7600,96.0138,2.7728,0,2.9333,10.0437,2.5327
172,train,2024-06-25 22:00:00,cloudy,0.7600,95.9521,2.7989,0,3.0887,10.0437,2.5746
173,train,2024-06-25 23:00:00,cloudy,0.7600,95.5858,2.7989,0,3.0761,10.0437,2.5871
174,train,2024-06-26 07:00:00,rain,2.5300,97.1108,2.8244,4,5.1090,22.9795,2.7179
175,train,2024-06-26 13:00:00,rain,4.1000,91.6850,3.1242,9,9.4088,31.1431,2.9015
176,train,2024-06-26 22:00:00,rain,4.1000,83.2237,3.4507,9,10.7564,31.1431,3.1000
177,train,2024-06-27 03:00:00,rain,4.1000,83.6096,3.1141,9,11.5565,31.1431,3.1488
178,train,2024-06-28 10:00:00,cloudy,0.5500,83.6342,3.0973,0,1.7111,7.6084,2.8453
179,train,2024-06-29 17:00:00,mixed,0.9200,62.1896,2.6501,0,5.0716,11.7053,2.9575
180,train,2024-07-02 14:00:00,rain,4.0700,92.3529,3.2764,5,8.0719,31.0021,3.1762
181,train,2024-07-03 03:00:00,cloudy,0.9600,99.5725,2.8526,0,6.1965,12.0544,3.1786
182,train,2024-07-03 06:00:00,rain,1.3000,99.6633,2.7279,1,7.5751,14.8238,3.1849
183,train,2024-07-03 13:00:00,rain,1.3000,98.5721,2.7325,1,7.6512,14.8238,3.1622
184,train,2024-07-03 19:00:00,rain,1.3000,98.5025,3.0276,1,5.1548,14.8238,3.1256
185,train,2024-07-04 04:00:00,cloudy,0.9200,98.3187,3.2972,0,2.8326,11.7053,3.0997
186,train,2024-07-05 21:00:00,rain,2.7000,93.7971,3.0786,4,8.7268,23.9563,3.0829
187,train,2024-07-07 01:00:00,rain,1.3200,74.3496,4.3473,2,5.1223,14.9772,3.0321
188,train,2024-07-08 09:00:00,rain,1.3800,65.6787,3.5674,1,2.4448,15.4320,3.0457
189,train,2024-07-08 11:00:00,rain,1.3800,68.2788,3.3374,1,2.5158,15.4320,3.0476
190,train,2024-07-08 19:00:00,rain,1.3800,78.5371,3.2549,1,2.7286,15.4320,3.0321
191,train,2024-07-09 18:00:00,cloudy,0.7700,94.4917,2.7882,0,1.6327,10.1569,3.0064
192,train,2024-07-10 08:00:00,cloudy,0.8000,93.1879,3.1101,0,2.6735,10.4955,3.0808
193,train,2024-07-10 13:00:00,cloudy,0.8000,92.7933,3.5359,0,2.6665,10.4955,3.0970
194,train,2024-07-10 16:00:00,cloudy,0.8000,92.6329,3.7458,0,2.7509,10.4955,3.1082
195,train,2024-07-11 12:00:00,cloudy,0.1700,94.0729,4.2715,0,1.0436,2.7675,3.0835
196,train,2024-07-12 03:00:00,cloudy,0.3200,85.9937,4.1883,0,1.8709,4.7745,3.0401
197,train,2024-07-12 18:00:00,cloudy,0.3200,83.7133,3.5298,0,1.3728,4.7745,2.9399
198,train,2024-07-14 12:00:00,cloudy,0.7900,82.5829,3.3159,0,1.2408,10.3828,2.9094
199,train,2024-07-17 07:00:00,rain,1.0000,68.2538,3.3910,1,1.9631,12.3979,3.0425
200,train,2024-07-18 00:00:00,rain,1.0000,91.7129,3.0162,1,5.0891,12.3979,3.1317
201,train,2024-07-18 03:00:00,rain,1.0000,92.9083,3.0370,1,5.7198,12.3979,3.1534
202,train,2024-07-20 01:00:00,mixed,0.5400,64.2429,3.4433,0,2.4720,7.4893,2.9471
203,train,2024-07-20 11:00:00,cloudy,0.4700,79.0058,3.7364,0,1.1634,6.6467,2.9578
204,train,2024-07-20 12:00:00,cloudy,0.4700,82.1500,3.6941,0,1.0905,6.6467,2.9536
205,train,2024-07-20 16:00:00,cloudy,0.4700,89.2317,3.5667,0,0.9633,6.6467,2.9355
206,train,2024-07-21 12:00:00,rain,1.3400,93.9517,3.2227,3,5.0845,15.1297,3.0075
207,train,2024-07-22 07:00:00,rain,1.2000,90.8071,3.1537,3,4.3079,14.0422,3.1150
208,train,2024-07-23 10:00:00,rain,3.2500,87.9192,2.7366,7,8.3198,26.9438,3.1512
209,train,2024-07-23 13:00:00,rain,3.2500,90.4992,2.6239,7,8.3265,26.9438,3.1885
210,train,2024-07-24 06:00:00,rain,1.0400,90.0433,2.4013,1,1.4852,12.7363,3.2441
211,train,2024-07-24 18:00:00,cloudy,0.0200,82.3713,2.9766,0,0.1320,0.4347,3.1661
212,train,2024-07-27 06:00:00,rain,1.6400,75.7138,2.6943,1,1.2555,17.3170,3.1997
213,train,2024-07-27 09:00:00,cloudy,0.0300,75.1158,2.8211,0,0.0754,0.6176,3.1652
214,train,2024-07-28 04:00:00,cloudy,0.0100,72.1013,4.0160,0,0.0199,0.2384,3.0969
215,train,2024-07-29 06:00:00,mixed,0.1700,56.3050,4.2212,0,0.3143,2.7675,3.0950
216,train,2024-07-29 14:00:00,mixed,0.5600,61.5288,4.2836,0,1.2757,7.7271,3.1161
217,train,2024-07-29 15:00:00,mixed,0.5600,62.8925,4.2836,0,1.2757,7.7271,3.1210
218,train,2024-07-30 16:00:00,rain,1.9000,97.1612,3.7190,9,8.2680,19.0825,3.2987
219,train,2024-08-01 22:00:00,cloudy,0.5700,89.1833,3.5084,0,1.7633,7.8455,3.1784
220,train,2024-08-02 00:00:00,cloudy,0.5700,87.1121,3.4655,0,1.7633,7.8455,3.1847
221,train,2024-08-02 07:00:00,cloudy,0.3400,79.4458,3.4159,0,0.6268,5.0304,3.2076
222,train,2024-08-03 08:00:00,cloudy,0.0200,83.1325,4.3117,0,0.0479,0.4347,3.0054
223,train,2024-08-03 16:00:00,cloudy,0.0200,77.7608,4.2105,0,0.1320,0.4347,3.0241
224,train,2024-08-07 14:00:00,cloudy,0.5900,71.4458,3.2972,0,3.3816,8.0814,3.1088
225,train,2024-08-07 17:00:00,cloudy,0.5900,74.8300,3.3649,0,3.0070,8.0814,3.1401
226,train,2024-08-08 01:00:00,cloudy,0.6400,83.1346,3.4635,0,3.4398,8.6662,3.2272
227,train,2024-08-08 09:00:00,cloudy,0.6400,84.0358,3.1698,0,3.0555,8.6662,3.2800
228,train,2024-08-08 17:00:00,cloudy,0.6400,87.7971,2.8506,0,3.2967,8.6662,3.2737
229,train,2024-08-09 23:00:00,cloudy,0.1600,93.6117,2.8264,0,1.4491,2.6264,3.1913
230,train,2024-08-10 21:00:00,rain,3.5400,99.0892,2.5837,2,5.2650,28.4273,3.1460
231,train,2024-08-11 20:00:00,rain,4.1500,98.4742,2.5374,15,14.0728,31.3770,3.1176
232,train,2024-08-13 10:00:00,cloudy,0.1100,87.9267,3.4816,0,0.8512,1.9004,3.2726
233,train,2024-08-13 11:00:00,cloudy,0.1100,88.0738,3.4816,0,0.8813,1.9004,3.2751
234,train,2024-08-14 13:00:00,cloudy,0.1300,93.5804,3.6432,0,0.9184,2.1954,3.2529
235,train,2024-08-14 18:00:00,cloudy,0.1300,93.6179,3.4641,0,1.1147,2.1954,3.2375
236,train,2024-08-16 05:00:00,cloudy,0.2700,81.6704,3.9778,0,0.8250,4.1244,3.2612
237,train,2024-08-16 09:00:00,cloudy,0.6000,77.0054,4.0609,0,1.8509,8.1989,3.2589
238,train,2024-08-17 07:00:00,cloudy,0.5900,84.0050,3.8544,0,3.6857,8.0814,3.2273
239,train,2024-08-18 11:00:00,cloudy,0.4200,92.8917,4.2111,0,2.4410,6.0338,3.1821
240,train,2024-08-19 10:00:00,cloudy,0.4800,97.1712,3.7491,0,3.6881,6.7682,3.1403
241,train,2024-08-21 01:00:00,cloudy,0.1900,76.6079,4.0650,0,0.8974,3.0463,3.1192
242,train,2024-08-22 08:00:00,cloudy,0.2000,92.0350,4.1937,0,1.0790,3.1841,3.1034
243,train,2024-08-22 18:00:00,cloudy,0.2000,90.8804,4.0683,0,1.1786,3.1841,3.0777
244,train,2024-08-22 22:00:00,cloudy,0.2000,87.7908,3.9825,0,1.2935,3.1841,3.0750
245,train,2024-08-23 17:00:00,cloudy,0.0700,84.4513,2.9196,0,0.6921,1.2858,3.0879
246,train,2024-08-24 15:00:00,cloudy,0.0500,73.4500,3.3609,0,0.3276,0.9611,3.1047
247,train,2024-08-24 21:00:00,cloudy,0.0500,74.2921,3.6143,0,0.3077,0.9611,3.0979
248,train,2024-08-25 19:00:00,cloudy,0.4300,86.4554,3.6646,0,2.8979,6.1572,3.0547
249,train,2024-08-25 21:00:00,cloudy,0.4300,86.4296,3.5721,0,3.3064,6.1572,3.0538
250,train,2024-08-28 11:00:00,rain,1.9000,93.0837,2.6118,6,6.6022,19.0825,3.0185
251,train,2024-08-29 15:00:00,mixed,0.4200,62.8096,3.4923,0,1.4551,6.0338,2.9498
252,train,2024-08-30 12:00:00,mixed,0.0100,61.0117,3.7236,0,0.0099,0.2384,2.9012
253,train,2024-08-31 17:00:00,mixed,0.0100,60.0592,3.7042,0,0.0199,0.2384,3.0049
254,train,2024-09-04 02:00:00,rain,1.2800,97.2183,3.4534,2,6.4332,14.6694,3.0359
255,train,2024-09-04 08:00:00,rain,1.2300,91.0842,3.5694,3,6.5118,14.2793,3.0217
256,train,2024-09-04 14:00:00,rain,1.2300,77.2979,3.5010,2,5.5593,14.2793,2.9881
257,train,2024-09-06 04:00:00,rain,1.6500,96.5838,3.4977,11,9.8000,17.3869,3.0390
258,train,2024-09-07 20:00:00,cloudy,0.0900,97.0092,1.8233,0,0.6104,1.5978,3.0435
259,train,2024-09-08 15:00:00,rain,1.6900,70.5529,2.1270,2,3.4107,17.6650,3.0814
260,train,2024-09-09 16:00:00,rain,1.0600,71.9988,2.7158,1,5.1760,12.9036,3.0401
261,train,2024-09-09 21:00:00,rain,1.0600,72.4683,2.7366,1,4.7176,12.9036,3.0293
262,train,2024-09-10 05:00:00,cloudy,0.8100,86.8917,2.8036,0,3.1583,10.6079,3.0297
263,train,2024-09-10 09:00:00,rain,2.9100,97.2979,2.9585,4,5.3042,25.1263,3.0349
264,train,2024-09-10 22:00:00,rain,5.9700,98.7062,3.4400,14,16.7393,39.1408,3.1280
265,train,2024-09-11 15:00:00,rain,6.4400,99.5637,3.4185,13,16.9741,40.9528,3.1173
266,train,2024-09-12 02:00:00,rain,6.4700,99.4975,3.3193,14,18.5723,41.0663,3.0549
267,train,2024-09-12 15:00:00,rain,6.4700,98.9421,2.7258,17,17.4605,41.0663,3.0512
268,train,2024-09-14 08:00:00,mixed,0.7200,67.6046,4.0844,0,2.4392,9.5883,2.8948
269,train,2024-09-15 18:00:00,clear,0.0000,18.1267,4.0026,0,0.0000,0.0000,2.7661
270,train,2024-09-16 10:00:00,mixed,0.5900,31.0892,4.0234,0,1.7293,8.0814,2.7405
271,train,2024-09-16 23:00:00,cloudy,0.5900,73.8258,4.0006,0,2.3706,8.0814,2.8178
272,train,2024-09-18 03:00:00,rain,8.2700,98.0458,3.0457,8,10.9241,47.4561,2.9222
273,train,2024-09-18 17:00:00,mixed,0.2900,69.1667,3.0437,0,0.8907,4.3863,2.9713
274,train,2024-09-23 10:00:00,clear,0.0200,15.6013,2.8533,0,0.0678,0.4347,3.1286
275,train,2024-09-24 04:00:00,clear,0.0400,28.4396,2.8405,0,0.2661,0.7923,3.0448
276,train,2024-09-24 09:00:00,mixed,0.0900,36.6246,2.8036,0,0.4654,1.5978,3.0770
277,train,2024-09-24 19:00:00,mixed,0.0900,69.4446,2.9699,0,0.5711,1.5978,3.1593
278,train,2024-09-25 10:00:00,cloudy,0.4800,74.7533,3.3622,0,1.6357,6.7682,3.1460
279,train,2024-09-26 02:00:00,mixed,0.5100,42.1867,3.8698,0,3.6608,7.1303,3.0111
280,train,2024-09-27 14:00:00,mixed,0.0900,61.3500,4.3171,0,0.4057,1.5978,2.9462
281,train,2024-09-27 17:00:00,mixed,0.0900,61.8350,4.3171,0,0.3149,1.5978,2.9515
282,train,2024-09-28 00:00:00,mixed,0.0000,51.3754,4.2956,0,0.0000,0.0000,2.9895
283,train,2024-09-28 07:00:00,mixed,0.0000,44.1408,4.2199,0,0.0000,0.0000,3.0180
284,train,2024-09-28 16:00:00,mixed,0.0000,45.5017,4.2822,0,0.0000,0.0000,2.9469
285,train,2024-09-28 21:00:00,mixed,0.0000,48.7379,4.2185,0,0.0000,0.0000,2.9142
286,train,2024-09-30 04:00:00,clear,0.0000,23.9571,3.0571,0,0.0000,0.0000,2.7876
287,train,2024-09-30 23:00:00,clear,0.0000,1.8642,3.5366,0,0.0000,0.0000,2.7065
288,train,2024-10-01 15:00:00,clear,0.0000,1.8858,4.1790,0,0.0000,0.0000,2.6383
289,train,2024-10-04 13:00:00,clear,0.0100,9.6013,4.1669,0,0.0695,0.2384,2.7361
290,train,2024-10-06 06:00:00,clear,0.0000,0.3787,3.8001,0,0.0000,0.0000,2.5120
291,train,2024-10-06 14:00:00,clear,0.0000,0.2000,3.9241,0,0.0000,0.0000,2.4958
292,train,2024-10-07 21:00:00,clear,0.0000,3.4462,3.8993,0,0.0000,0.0000,2.2935
293,train,2024-10-08 06:00:00,clear,0.0000,3.2929,3.7619,0,0.0000,0.0000,2.2260
294,train,2024-10-08 22:00:00,clear,0.0000,19.7775,3.6365,0,0.0000,0.0000,2.3354
295,train,2024-10-09 06:00:00,clear,0.0000,20.2846,3.8772,0,0.0000,0.0000,2.3665
296,train,2024-10-10 16:00:00,clear,0.0000,7.4450,3.8048,0,0.0000,0.0000,2.1136
297,train,2024-10-10 23:00:00,clear,0.0000,9.9188,3.7719,0,0.0000,0.0000,2.0737
298,train,2024-10-11 22:00:00,clear,0.0000,8.7992,3.8765,0,0.0000,0.0000,1.9712
299,train,2024-10-11 23:00:00,clear,0.0000,9.2825,3.8886,0,0.0000,0.0000,1.9700
300,train,2024-10-13 05:00:00,mixed,0.0000,43.6496,3.8115,0,0.0000,0.0000,2.2137
301,train,2024-10-15 02:00:00,clear,0.0000,9.3067,3.4943,0,0.0000,0.0000,1.9301
302,train,2024-10-18 01:00:00,clear,0.0000,0.3192,3.5171,0,0.0000,0.0000,2.1518
303,train,2024-10-18 02:00:00,clear,0.0000,0.3063,3.5218,0,0.0000,0.0000,2.1562
304,train,2024-10-20 08:00:00,clear,0.0200,1.1667,2.3765,0,0.0380,0.4347,2.2377
305,train,2024-10-20 13:00:00,clear,0.0200,3.2971,2.4476,0,0.0380,0.4347,2.2903
306,train,2024-10-21 08:00:00,clear,0.0000,21.7242,2.3597,0,0.0000,0.0000,2.4643
307,train,2024-10-21 19:00:00,clear,0.0000,12.5458,2.1565,0,0.0000,0.0000,2.3940
308,train,2024-10-21 21:00:00,clear,0.0000,9.0125,2.1565,0,0.0000,0.0000,2.3572
309,train,2024-10-21 22:00:00,clear,0.0000,6.9975,2.1565,0,0.0000,0.0000,2.3408
310,train,2024-10-22 05:00:00,clear,0.0000,1.9779,2.0868,0,0.0000,0.0000,2.2478
311,train,2024-10-23 00:00:00,clear,0.0000,1.4863,2.1183,0,0.0000,0.0000,2.1800
312,train,2024-10-23 09:00:00,clear,0.0000,1.2192,2.2927,0,0.0000,0.0000,2.1737
313,train,2024-10-23 11:00:00,clear,0.0000,1.2217,2.3423,0,0.0000,0.0000,2.1680
314,train,2024-10-23 18:00:00,clear,0.0000,0.9192,2.5508,0,0.0000,0.0000,2.1371
315,train,2024-10-23 23:00:00,clear,0.0000,0.6462,2.5555,0,0.0000,0.0000,2.1130
316,train,2024-10-24 01:00:00,clear,0.0000,0.7375,2.5763,0,0.0000,0.0000,2.1028
317,train,2024-10-25 16:00:00,clear,0.0000,1.9504,3.1054,0,0.0000,0.0000,2.0546
318,train,2024-10-26 11:00:00,clear,0.0000,9.4475,2.3772,0,0.0000,0.0000,2.1593
319,train,2024-10-26 15:00:00,clear,0.0000,10.3725,2.3222,0,0.0000,0.0000,2.1810
320,train,2024-10-28 10:00:00,clear,0.0000,2.7475,2.8318,0,0.0000,0.0000,2.4608
321,train,2024-10-28 22:00:00,clear,0.0000,1.6258,3.0370,0,0.0000,0.0000,2.4079
322,train,2024-10-30 16:00:00,clear,0.0000,1.9721,2.4033,0,0.0000,0.0000,2.0859
323,train,2024-11-01 15:00:00,clear,0.0000,0.7787,2.5133,0,0.0000,0.0000,1.7541
324,train,2024-11-03 06:00:00,clear,0.0000,0.4492,2.2417,0,0.0000,0.0000,1.8881
325,train,2024-11-03 15:00:00,clear,0.0000,0.6717,1.9815,0,0.0000,0.0000,1.9341
326,train,2024-11-04 11:00:00,clear,0.0000,1.1404,1.9956,0,0.0000,0.0000,2.0596
327,train,2024-11-05 05:00:00,clear,0.0000,10.0225,2.1606,0,0.0000,0.0000,2.0123
328,train,2024-11-06 05:00:00,clear,0.0000,24.4721,1.9118,0,0.0000,0.0000,2.0787
329,train,2024-11-06 07:00:00,mixed,0.0000,30.5512,1.8749,0,0.0000,0.0000,2.0868
330,train,2024-11-08 16:00:00,clear,0.0000,1.2408,1.8688,0,0.0000,0.0000,2.2487
331,train,2024-11-08 17:00:00,clear,0.0000,1.2212,1.8735,0,0.0000,0.0000,2.2473
332,train,2024-11-08 18:00:00,clear,0.0000,1.1983,1.8782,0,0.0000,0.0000,2.2452
333,train,2024-11-08 20:00:00,clear,0.0000,1.1438,1.8876,0,0.0000,0.0000,2.2394
334,train,2024-11-09 03:00:00,clear,0.0000,0.9875,1.9178,0,0.0000,0.0000,2.2199
335,train,2024-11-09 13:00:00,clear,0.0000,1.0938,1.8715,0,0.0000,0.0000,2.1361
336,train,2024-11-11 03:00:00,clear,0.0000,15.3721,1.8635,0,0.0000,0.0000,2.0626
337,train,2024-11-12 02:00:00,clear,0.0000,26.8487,1.7193,0,0.0000,0.0000,1.7645
338,train,2024-11-13 09:00:00,mixed,0.0000,43.5642,0.9053,0,0.0000,0.0000,1.6607
339,train,2024-11-14 00:00:00,clear,0.0000,23.2192,1.3317,0,0.0000,0.0000,1.5931
340,train,2024-11-14 10:00:00,clear,0.0000,8.1217,1.4900,0,0.0000,0.0000,1.5974
341,train,2024-11-14 14:00:00,clear,0.0000,8.1404,1.5778,0,0.0000,0.0000,1.6184
342,train,2024-11-14 19:00:00,clear,0.0000,6.2504,1.6114,0,0.0000,0.0000,1.6331
343,train,2024-11-15 04:00:00,clear,0.0000,2.2800,1.5611,0,0.0000,0.0000,1.6220
344,train,2024-11-15 10:00:00,clear,0.0000,3.2246,1.4833,0,0.0000,0.0000,1.6250
345,train,2024-11-17 19:00:00,mixed,0.0000,59.6292,0.3950,0,0.0000,0.0000,1.5209
346,train,2024-11-21 04:00:00,clear,0.0000,17.3254,1.4612,0,0.0000,0.0000,1.3112
347,train,2024-11-22 12:00:00,clear,0.0000,20.0192,1.4726,0,0.0000,0.0000,1.3928
348,train,2024-11-24 01:00:00,clear,0.0000,7.0958,2.8258,0,0.0000,0.0000,1.4656
349,train,2024-11-24 10:00:00,clear,0.0000,8.1913,2.3684,0,0.0000,0.0000,1.4621
350,train,2024-11-24 13:00:00,clear,0.0000,9.0638,2.1190,0,0.0000,0.0000,1.4611
351,train,2024-11-24 19:00:00,clear,0.0000,10.4658,1.6965,0,0.0000,0.0000,1.4566
352,train,2024-11-25 17:00:00,clear,0.0000,6.2108,2.3604,0,0.0000,0.0000,1.3739
353,train,2024-11-26 03:00:00,clear,0.0000,4.4758,2.7916,0,0.0000,0.0000,1.3586
354,train,2024-11-27 08:00:00,clear,0.0000,4.4654,2.4831,0,0.0000,0.0000,1.4119
355,train,2024-11-27 13:00:00,clear,0.0000,5.8546,2.3041,0,0.0000,0.0000,1.3862
356,train,2024-11-27 18:00:00,clear,0.0000,8.0346,2.3041,0,0.0000,0.0000,1.3676
357,train,2024-11-28 17:00:00,clear,0.0000,3.4513,2.2243,0,0.0000,0.0000,1.3504
358,train,2024-11-29 07:00:00,clear,0.0000,2.7900,1.8850,0,0.0000,0.0000,1.3759
359,train,2024-11-29 13:00:00,clear,0.0000,3.5925,1.8937,0,0.0000,0.0000,1.3758
360,train,2024-11-30 16:00:00,clear,0.0000,13.5783,2.4563,0,0.0000,0.0000,1.3557
361,train,2024-12-01 08:00:00,clear,0.0000,1.6588,2.6635,0,0.0000,0.0000,1.3934
362,train,2024-12-02 07:00:00,clear,0.0000,4.1496,2.5797,0,0.0000,0.0000,1.5043
363,train,2024-12-02 20:00:00,clear,0.0000,2.0333,2.6414,0,0.0000,0.0000,1.5061
364,train,2024-12-04 10:00:00,clear,0.0000,0.0875,3.7605,0,0.0000,0.0000,1.3403
365,train,2024-12-04 18:00:00,clear,0.0000,0.0829,3.8249,0,0.0000,0.0000,1.2903
366,train,2024-12-05 06:00:00,clear,0.0000,0.1796,3.7458,0,0.0000,0.0000,1.2774
367,train,2024-12-06 08:00:00,clear,0.0000,0.8967,3.3870,0,0.0000,0.0000,1.2538
368,train,2024-12-07 03:00:00,clear,0.0000,5.4671,3.3978,0,0.0000,0.0000,1.1419
369,train,2024-12-09 10:00:00,clear,0.0000,0.2579,2.6025,0,0.0000,0.0000,1.2799
370,train,2024-12-09 23:00:00,clear,0.0000,0.0458,3.1832,0,0.0000,0.0000,1.1174
371,train,2024-12-10 14:00:00,clear,0.0000,0.5542,3.3817,0,0.0000,0.0000,1.0062
372,train,2024-12-11 05:00:00,clear,0.0000,3.1850,2.8667,0,0.0000,0.0000,0.9751
373,train,2024-12-11 08:00:00,clear,0.0000,3.3008,2.7828,0,0.0000,0.0000,0.9804
374,train,2024-12-12 10:00:00,clear,0.0000,9.5025,2.5515,0,0.0000,0.0000,1.0612
375,train,2024-12-12 17:00:00,clear,0.0000,9.8767,2.8539,0,0.0000,0.0000,1.0549
376,train,2024-12-12 18:00:00,clear,0.0000,9.8550,2.8828,0,0.0000,0.0000,1.0533
377,train,2024-12-14 02:00:00,clear,0.0000,12.2346,3.2911,0,0.0000,0.0000,1.0329
378,train,2024-12-15 12:00:00,clear,0.0000,29.9229,2.0680,0,0.0000,0.0000,1.0536
379,train,2024-12-15 14:00:00,mixed,0.0000,33.2604,1.9728,0,0.0000,0.0000,1.0511
380,train,2024-12-15 15:00:00,mixed,0.0000,35.6308,1.9352,0,0.0000,0.0000,1.0494
381,train,2024-12-18 01:00:00,clear,0.0000,22.2921,0.8711,0,0.0000,0.0000,1.0746
382,train,2024-12-18 07:00:00,clear,0.0000,19.1146,0.9596,0,0.0000,0.0000,1.1071
383,train,2024-12-19 03:00:00,clear,0.0000,7.3508,1.2499,0,0.0000,0.0000,1.2237
384,train,2024-12-19 12:00:00,clear,0.0000,1.6046,1.2218,0,0.0000,0.0000,1.2275
385,train,2024-12-21 08:00:00,mixed,0.0000,30.3517,1.4350,0,0.0000,0.0000,1.2991
386,train,2024-12-22 08:00:00,mixed,0.0000,40.7221,1.5671,0,0.0000,0.0000,1.3088
387,train,2024-12-23 00:00:00,cloudy,0.0300,75.8408,1.1547,0,0.1315,0.6176,1.3717
388,train,2024-12-24 00:00:00,mixed,0.0200,60.7879,1.2044,0,0.1355,0.4347,1.5811
389,train,2024-12-24 02:00:00,mixed,0.0200,56.1646,1.1453,0,0.1355,0.4347,1.5898
390,train,2024-12-24 05:00:00,mixed,0.0200,49.8408,1.0293,0,0.1355,0.4347,1.5916
391,train,2024-12-25 00:00:00,clear,0.0000,6.2967,1.1031,0,0.0000,0.0000,1.4729
392,train,2024-12-26 20:00:00,rain,2.9100,99.2579,1.1091,4,5.4974,25.1263,1.6589
393,train,2024-12-26 21:00:00,rain,2.9100,99.0463,1.1299,5,6.1051,25.1263,1.6782
394,train,2024-12-27 09:00:00,rain,2.9100,93.5629,1.3700,5,6.5708,25.1263,1.8314
395,train,2024-12-27 10:00:00,rain,2.9100,93.5663,1.3867,5,6.6442,25.1263,1.8443
396,train,2024-12-28 03:00:00,cloudy,0.2400,92.1775,0.9750,0,1.2159,3.7262,1.7933
397,train,2024-12-28 05:00:00,cloudy,0.2400,91.4650,0.9254,0,1.0892,3.7262,1.7865
398,train,2024-12-28 22:00:00,cloudy,0.0100,91.8479,1.0025,0,0.0397,0.2384,1.5239
399,train,2024-12-30 07:00:00,cloudy,0.0000,82.1379,1.1675,0,0.0000,0.0000,1.1863
400,eval,2025-01-12 00:00:00,mixed,0.0000,55.4162,1.2312,0,0.0000,0.0000,1.4973
401,eval,2025-01-15 00:00:00,cloudy,0.4900,94.0687,0.6994,0,0.8692,6.8892,1.3091
402,eval,2025-02-02 00:00:00,clear,0.0000,28.3342,1.0420,0,0.0000,0.0000,1.3183
403,eval,2025-02-03 00:00:00,mixed,0.0500,55.2188,2.1914,0,0.0658,0.9611,1.2540
404,eval,2025-02-06 00:00:00,clear,0.0000,18.5717,3.8672,0,0.0000,0.0000,1.0809
405,eval,2025-02-10 00:00:00,clear,0.0000,24.9521,2.9123,0,0.0000,0.0000,1.1348
406,eval,2025-02-16 00:00:00,mixed,0.0000,35.8600,3.5788,0,0.0000,0.0000,1.2950
407,eval,2025-02-19 00:00:00,cloudy,0.4100,80.0717,3.7029,0,0.8779,5.9100,1.3055
408,eval,2025-02-24 00:00:00,clear,0.0000,21.3163,3.6620,0,0.0000,0.0000,1.3203
409,eval,2025-02-25 00:00:00,mixed,0.0000,50.5500,3.3535,0,0.0000,0.0000,1.3689
410,eval,2025-02-26 00:00:00,cloudy,0.0300,77.7825,3.4983,0,0.1029,0.6176,1.3613
411,eval,2025-02-27 00:00:00,cloudy,0.0900,99.9558,4.0469,0,0.2905,1.5978,1.7060
412,eval,2025-03-05 00:00:00,clear,0.0000,0.5642,4.6289,0,0.0000,0.0000,1.0475
413,eval,2025-03-07 00:00:00,clear,0.0000,1.1429,4.2594,0,0.0000,0.0000,1.1142
414,eval,2025-03-30 00:00:00,clear,0.0000,6.5175,4.5196,0,0.0000,0.0000,0.8832
415,eval,2025-04-11 00:00:00,rain,1.1300,48.0925,3.5741,1,1.3690,13.4798,1.6410
416,eval,2025-04-14 00:00:00,clear,0.0000,0.8446,4.1609,0,0.0000,0.0000,1.4464
417,eval,2025-04-17 00:00:00,clear,0.0000,17.1979,4.0931,0,0.0000,0.0000,1.4863
418,eval,2025-04-20 00:00:00,mixed,0.0000,30.5767,4.1702,0,0.0000,0.0000,1.4156
419,eval,2025-04-26 00:00:00,cloudy,0.0000,83.1017,3.9409,0,0.0000,0.0000,0.9742
420,eval,2025-05-28 00:00:00,mixed,0.1400,46.0042,4.2078,0,0.3839,2.3405,2.4043
421,eval,2025-06-06 00:00:00,mixed,0.0000,57.1654,4.4847,0,0.0000,0.0000,1.8054
422,eval,2025-06-11 00:00:00,mixed,0.0000,46.5104,4.0925,0,0.0000,0.0000,1.6902
423,eval,2025-06-16 00:00:00,rain,3.7700,94.5362,3.9215,2,3.1178,29.5650,2.6197
424,eval,2025-06-24 00:00:00,cloudy,0.3900,89.8367,2.9183,0,0.7034,5.6610,2.5388
425,eval,2025-06-26 00:00:00,cloudy,0.3600,74.1825,4.3996,0,0.2862,5.2842,2.6228
426,eval,2025-07-07 00:00:00,rain,2.0300,84.2621,4.3325,3,3.3814,19.9271,2.9576
427,eval,2025-07-15 00:00:00,cloudy,0.8000,86.0479,3.8752,0,2.0046,10.4955,3.0118
428,eval,2025-07-17 00:00:00,rain,1.2200,90.8742,3.9630,1,3.3527,14.2005,2.9488
429,eval,2025-07-18 00:00:00,mixed,0.8600,67.2679,3.5406,0,2.0401,11.1670,2.8735
430,eval,2025-07-22 00:00:00,cloudy,0.3900,91.8104,3.1537,0,1.5010,5.6610,3.0973
431,eval,2025-07-27 00:00:00,cloudy,0.0000,89.5729,4.4009,0,0.0000,0.0000,2.9358
432,eval,2025-08-07 00:00:00,mixed,0.0000,55.8479,4.7751,0,0.0000,0.0000,2.9971
433,eval,2025-08-18 00:00:00,cloudy,0.4500,77.7992,3.6016,0,0.6890,6.4027,3.1832
434,eval,2025-08-27 00:00:00,rain,1.2800,86.5396,2.8083,3,2.9920,14.6694,3.1191
435,eval,2025-08-31 00:00:00,rain,5.8100,99.2996,3.6961,9,15.9515,38.5083,3.1405
436,eval,2025-09-04 00:00:00,rain,25.2000,56.9296,3.4018,4,9.8169,88.3465,3.0196
437,eval,2025-09-15 00:00:00,mixed,0.0400,51.5167,4.6477,0,0.1043,0.7923,2.9394
438,eval,2025-09-16 00:00:00,rain,3.7700,43.7642,5.3974,5,5.0219,29.5650,2.8804
439,eval,2025-10-01 00:00:00,mixed,0.0000,35.0333,3.6184,0,0.0000,0.0000,2.6891
440,eval,2025-10-09 00:00:00,clear,0.0000,12.8237,3.7847,0,0.0000,0.0000,2.1897
441,eval,2025-10-22 00:00:00,clear,0.0000,2.9942,2.2645,0,0.0000,0.0000,2.1379
442,eval,2025-10-29 00:00:00,cloudy,0.0000,81.9404,1.5705,0,0.0000,0.0000,2.1591
443,eval,2025-10-31 00:00:00,clear,0.0000,25.4917,2.2135,0,0.0000,0.0000,2.2511
444,eval,2025-11-21 00:00:00,clear,0.0000,5.3917,1.7180,0,0.0000,0.0000,1.6263
445,eval,2025-11-22 00:00:00,clear,0.0000,4.3325,1.9641,0,0.0000,0.0000,1.4660
446,eval,2025-11-26 00:00:00,clear,0.0000,11.5887,2.3443,0,0.0000,0.0000,1.2561
447,eval,2025-11-29 00:00:00,clear,0.0000,4.4933,2.5770,0,0.0000,0.0000,1.3905
448,eval,2025-12-10 00:00:00,clear,0.0000,3.8408,2.8009,0,0.0000,0.0000,1.2222
449,eval,2025-12-16 00:00:00,clear,0.0000,3.5679,2.0861,0,0.0000,0.0000,1.2913
