freq_ghz,elev_deg,scint_db_1pct,rain_1mmh_db,rain_10mmh_db,rain_25mmh_db
38.000,11.000,0.643,12.627,53.802,89.278
38.000,15.000,0.443,9.946,45.075,75.531
38.000,20.000,0.315,7.840,38.551,65.235
38.000,30.000,0.197,5.763,31.698,54.486
38.500,11.000,0.648,12.940,54.772,90.711
38.500,15.000,0.446,10.220,45.902,76.769
38.500,20.000,0.317,8.057,39.271,66.327
38.500,30.000,0.199,5.923,32.304,55.423
39.000,11.000,0.652,13.253,55.738,92.135
39.000,15.000,0.450,10.496,46.726,78.000
39.000,20.000,0.320,8.275,39.988,67.411
39.000,30.000,0.200,6.083,32.908,56.355
39.500,11.000,0.657,13.568,56.699,93.549
39.500,15.000,0.453,10.773,47.547,79.223
39.500,20.000,0.322,8.494,40.703,68.489
39.500,30.000,0.202,6.245,33.510,57.281
