check,value_db
"scint baseline (T=15C, RH=60, P=1010, D=1m, eta=0.5)",0.6225
scint: T = 35 C (308.15 K),0.6226
scint: T = 35 C given in C (not K),0.6216
scint: RH = 95 %,0.6230
scint: P = 980 hPa,0.6225
scint: elevation 30 deg,0.1974
scint: antenna D = 0.6 m,0.6307
scint: antenna D = 2.0 m,0.5960
scint: efficiency eta = 0.7,0.6181
P.838 k (itur),0.3998
P.838 alpha (itur),0.8811
P.838 k (paper env model),0.3923
P.838 alpha (paper env model),0.8687
rain 1 mm/h: P.618 path (itur),12.3979
"rain 1 mm/h: gamma_R (itur, dB/km)",0.3998
rain 1 mm/h: paper env model,1.9614
rain 10 mm/h: P.618 path (itur),52.9709
"rain 10 mm/h: gamma_R (itur, dB/km)",3.0403
rain 10 mm/h: paper env model,13.2907
rain 25 mm/h: P.618 path (itur),87.9716
"rain 25 mm/h: gamma_R (itur, dB/km)",6.8161
rain 25 mm/h: paper env model,27.6795
rain 10 mm/h: paper worked example,13.2907
